order_id,date,product,category,region,quantity,unit_price,revenue
ORD-0001,2024-02-18,Lamp,Sports,Central,17,409.89,6968.13
ORD-0002,2024-10-27,Textbook,Food,South,16,411.85,6589.6
ORD-0003,2024-08-09,Lamp,Home,East,7,115.07,805.49
ORD-0004,2024-12-28,Shoes,Electronics,North,8,434.96,3479.68
ORD-0005,2024-01-02,Laptop,Home,North,7,346.74,2427.18
ORD-0006,2024-07-21,Chair,Books,West,6,134.4,806.4
ORD-0007,2024-04-11,Rice,Home,Central,2,333.95,667.9
ORD-0008,2024-01-17,Textbook,Sports,South,3,356.3,1068.9
ORD-0009,2024-06-13,Novel,Electronics,North,2,166.19,332.38
ORD-0010,2024-10-25,Yoga Mat,Home,West,17,445.86,7579.62
ORD-0011,2024-03-10,T-Shirt,Sports,Central,10,273.03,2730.3
ORD-0012,2024-05-21,Textbook,Sports,West,18,234.24,4216.32
ORD-0013,2024-12-05,Phone,Home,North,12,132.41,1588.92
ORD-0014,2024-12-22,Phone,Books,West,10,296.95,2969.5
ORD-0015,2024-10-04,Football,Sports,North,1,267.56,267.56
ORD-0016,2024-01-20,T-Shirt,Books,East,12,344.57,4134.84
ORD-0017,2024-07-21,Lamp,Food,East,16,69.8,1116.8
ORD-0018,2024-03-07,Phone,Home,East,7,234.03,1638.21
ORD-0019,2024-07-24,Protein Bar,Food,North,12,499.66,5995.92
ORD-0020,2024-10-21,Rice,Electronics,East,6,111.61,669.66
ORD-0021,2024-02-24,Novel,Clothing,East,8,153.71,1229.68
ORD-0022,2024-05-07,Rice,Home,Central,17,99.29,1687.93
ORD-0023,2024-11-23,Novel,Clothing,North,20,110.46,2209.2
ORD-0024,2024-10-21,Yoga Mat,Home,West,10,76.01,760.1
ORD-0025,2024-04-20,T-Shirt,Clothing,South,15,360.8,5412.0
ORD-0026,2024-05-01,Yoga Mat,Home,South,18,268.91,4840.38
ORD-0027,2024-01-05,Yoga Mat,Books,Central,19,52.89,1004.91
ORD-0028,2024-09-22,Football,Electronics,West,18,485.48,8738.64
ORD-0029,2024-02-10,Chair,Books,Central,5,456.9,2284.5
ORD-0030,2024-10-25,Textbook,Books,West,11,463.32,5096.52
ORD-0031,2024-03-15,Football,Electronics,South,6,181.32,1087.92
ORD-0032,2024-11-12,Laptop,Sports,North,12,206.51,2478.12
ORD-0033,2024-02-03,T-Shirt,Sports,East,18,108.97,1961.46
ORD-0034,2024-06-10,Yoga Mat,Electronics,West,8,458.95,3671.6
ORD-0035,2024-06-22,Phone,Food,Central,15,390.5,5857.5
ORD-0036,2024-02-12,Football,Food,East,13,327.05,4251.65
ORD-0037,2024-11-01,Lamp,Food,East,6,213.99,1283.94
ORD-0038,2024-04-11,Lamp,Food,East,20,93.19,1863.8
ORD-0039,2024-03-19,Lamp,Electronics,Central,19,100.75,1914.25
ORD-0040,2024-02-16,Rice,Books,East,3,207.76,623.28
ORD-0041,2024-08-03,Football,Electronics,East,9,251.76,2265.84
ORD-0042,2024-03-02,Protein Bar,Sports,East,6,204.76,1228.56
ORD-0043,2024-01-07,Textbook,Clothing,North,4,137.79,551.16
ORD-0044,2024-05-08,T-Shirt,Books,East,3,243.69,731.07
ORD-0045,2024-11-21,Textbook,Sports,West,20,141.99,2839.8
ORD-0046,2024-01-15,Football,Sports,East,1,316.7,316.7
ORD-0047,2024-07-01,T-Shirt,Home,South,13,105.96,1377.48
ORD-0048,2024-05-14,Lamp,Food,North,12,365.49,4385.88
ORD-0049,2024-08-02,Lamp,Sports,South,4,48.78,195.12
ORD-0050,2024-10-01,Novel,Sports,West,9,232.08,2088.72
ORD-0051,2024-01-05,Novel,Electronics,East,4,117.03,468.12
ORD-0052,2024-01-23,Lamp,Books,North,6,119.58,717.48
ORD-0053,2024-10-10,Textbook,Food,North,5,198.09,990.45
ORD-0054,2024-12-08,Yoga Mat,Clothing,East,7,431.58,3021.06
ORD-0055,2024-11-11,Football,Books,Central,1,137.33,137.33
ORD-0056,2024-12-03,Football,Food,South,18,268.95,4841.1
ORD-0057,2024-03-07,Rice,Home,West,14,266.76,3734.64
ORD-0058,2024-05-04,Phone,Sports,West,5,198.45,992.25
ORD-0059,2024-10-03,Lamp,Books,North,19,460.58,8751.02
ORD-0060,2024-05-21,T-Shirt,Clothing,North,19,212.13,4030.47
ORD-0061,2024-12-07,Rice,Sports,East,15,63.1,946.5
ORD-0062,2024-11-15,Rice,Home,South,6,234.8,1408.8
ORD-0063,2024-02-24,Textbook,Books,East,7,347.72,2434.04
ORD-0064,2024-08-01,Lamp,Home,East,13,214.95,2794.35
ORD-0065,2024-11-03,Laptop,Home,West,9,83.75,753.75
ORD-0066,2024-04-23,Phone,Electronics,East,7,394.67,2762.69
ORD-0067,2024-09-16,Protein Bar,Home,East,16,228.32,3653.12
ORD-0068,2024-11-26,Football,Clothing,Central,8,463.49,3707.92
ORD-0069,2024-10-12,Yoga Mat,Electronics,West,7,324.46,2271.22
ORD-0070,2024-02-28,Textbook,Sports,Central,8,273.69,2189.52
ORD-0071,2024-03-27,Protein Bar,Clothing,East,16,185.04,2960.64
ORD-0072,2024-02-05,Novel,Clothing,East,2,101.24,202.48
ORD-0073,2024-06-20,Phone,Sports,West,13,321.55,4180.15
ORD-0074,2024-06-22,Shoes,Clothing,Central,4,179.37,717.48
ORD-0075,2024-12-09,Laptop,Clothing,South,18,482.92,8692.56
ORD-0076,2024-08-04,Textbook,Home,North,17,297.06,5050.02
ORD-0077,2024-07-19,Football,Electronics,South,5,353.89,1769.45
ORD-0078,2024-01-08,Novel,Clothing,West,17,251.75,4279.75
ORD-0079,2024-12-01,Rice,Electronics,South,15,65.85,987.75
ORD-0080,2024-05-17,Textbook,Clothing,West,12,225.8,2709.6
ORD-0081,2024-09-20,Rice,Food,West,15,110.9,1663.5
ORD-0082,2024-07-13,Phone,Clothing,East,16,353.83,5661.28
ORD-0083,2024-08-03,Textbook,Books,West,11,322.85,3551.35
ORD-0084,2024-04-14,Lamp,Sports,East,13,280.6,3647.8
ORD-0085,2024-04-19,Textbook,Home,South,15,69.85,1047.75
ORD-0086,2024-11-16,Football,Books,East,11,280.01,3080.11
ORD-0087,2024-04-28,Rice,Books,East,13,32.39,421.07
ORD-0088,2024-01-09,Chair,Home,East,17,77.53,1318.01
ORD-0089,2024-12-04,Novel,Electronics,South,13,94.63,1230.19
ORD-0090,2024-02-10,Novel,Clothing,South,16,230.65,3690.4
ORD-0091,2024-08-04,Rice,Home,Central,16,369.42,5910.72
ORD-0092,2024-12-22,Textbook,Sports,North,10,273.53,2735.3
ORD-0093,2024-12-04,Protein Bar,Food,Central,5,77.58,387.9
ORD-0094,2024-01-04,Laptop,Home,East,7,292.52,2047.64
ORD-0095,2024-08-12,Protein Bar,Sports,West,15,247.95,3719.25
ORD-0096,2024-08-21,Shoes,Books,Central,16,371.04,5936.64
ORD-0097,2024-09-12,Lamp,Home,West,3,183.76,551.28
ORD-0098,2024-07-19,Chair,Electronics,West,14,407.13,5699.82
ORD-0099,2024-02-05,Lamp,Clothing,East,15,42.74,641.1
ORD-0100,2024-03-18,Laptop,Clothing,North,7,175.44,1228.08
ORD-0101,2024-11-08,Laptop,Sports,North,2,419.66,839.32
ORD-0102,2024-10-24,Football,Sports,South,9,453.09,4077.81
ORD-0103,2024-09-07,T-Shirt,Electronics,South,19,167.25,3177.75
ORD-0104,2024-12-16,Football,Food,South,9,253.53,2281.77
ORD-0105,2024-08-06,Laptop,Electronics,East,20,290.96,5819.2
ORD-0106,2024-10-02,Chair,Sports,South,2,327.48,654.96
ORD-0107,2024-08-07,Laptop,Books,West,15,136.01,2040.15
ORD-0108,2024-02-06,Lamp,Electronics,North,16,353.04,5648.64
ORD-0109,2024-08-03,Phone,Electronics,East,15,158.17,2372.55
ORD-0110,2024-01-22,Rice,Books,West,19,446.47,8482.93
ORD-0111,2024-09-06,Chair,Sports,East,12,115.86,1390.32
ORD-0112,2024-11-18,Shoes,Books,East,17,457.52,7777.84
ORD-0113,2024-12-24,Phone,Clothing,North,15,124.84,1872.6
ORD-0114,2024-07-17,Laptop,Electronics,South,2,472.09,944.18
ORD-0115,2024-06-15,Textbook,Sports,South,6,188.39,1130.34
ORD-0116,2024-08-05,Laptop,Food,East,15,214.72,3220.8
ORD-0117,2024-06-28,Yoga Mat,Electronics,East,10,277.71,2777.1
ORD-0118,2024-05-09,Shoes,Home,West,13,267.26,3474.38
ORD-0119,2024-12-14,Rice,Food,Central,10,331.89,3318.9
ORD-0120,2024-04-27,Football,Books,East,11,109.06,1199.66
ORD-0121,2024-10-22,Textbook,Food,South,18,233.37,4200.66
ORD-0122,2024-04-12,T-Shirt,Home,Central,11,189.38,2083.18
ORD-0123,2024-06-26,Yoga Mat,Home,West,4,194.34,777.36
ORD-0124,2024-12-27,Yoga Mat,Electronics,East,9,318.56,2867.04
ORD-0125,2024-03-28,T-Shirt,Sports,East,11,255.09,2805.99
ORD-0126,2024-10-15,T-Shirt,Sports,North,14,14.88,208.32
ORD-0127,2024-05-16,Rice,Sports,South,13,207.47,2697.11
ORD-0128,2024-11-15,Protein Bar,Books,North,15,450.73,6760.95
ORD-0129,2024-08-03,Laptop,Home,West,2,53.12,106.24
ORD-0130,2024-12-15,Rice,Electronics,Central,10,159.28,1592.8
ORD-0131,2024-02-10,Textbook,Electronics,South,1,41.11,41.11
ORD-0132,2024-01-03,Textbook,Home,North,7,58.51,409.57
ORD-0133,2024-11-08,Protein Bar,Electronics,South,10,197.85,1978.5
ORD-0134,2024-08-24,Yoga Mat,Electronics,Central,13,327.92,4262.96
ORD-0135,2024-11-11,Lamp,Electronics,East,15,122.95,1844.25
ORD-0136,2024-01-16,T-Shirt,Sports,East,3,447.2,1341.6
ORD-0137,2024-08-27,Phone,Sports,West,7,498.55,3489.85
ORD-0138,2024-12-20,Laptop,Clothing,West,16,458.45,7335.2
ORD-0139,2024-08-22,Shoes,Books,East,11,417.42,4591.62
ORD-0140,2024-08-12,Novel,Books,West,6,318.78,1912.68
ORD-0141,2024-05-23,Rice,Home,Central,4,412.96,1651.84
ORD-0142,2024-11-04,Yoga Mat,Food,South,19,485.22,9219.18
ORD-0143,2024-10-13,Rice,Books,North,5,427.41,2137.05
ORD-0144,2024-09-18,T-Shirt,Books,South,5,474.23,2371.15
ORD-0145,2024-07-23,Chair,Clothing,South,2,26.57,53.14
ORD-0146,2024-09-18,Laptop,Home,South,8,261.0,2088.0
ORD-0147,2024-09-26,Chair,Books,East,11,163.36,1796.96
ORD-0148,2024-02-14,Shoes,Electronics,Central,3,27.52,82.56
ORD-0149,2024-01-15,Football,Food,Central,14,100.56,1407.84
ORD-0150,2024-03-18,Phone,Electronics,North,5,170.98,854.9
ORD-0151,2024-08-23,Lamp,Sports,Central,6,268.16,1608.96
ORD-0152,2024-05-21,Textbook,Sports,Central,2,322.41,644.82
ORD-0153,2024-01-09,Laptop,Electronics,Central,8,247.96,1983.68
ORD-0154,2024-03-07,Chair,Food,East,5,289.46,1447.3
ORD-0155,2024-04-25,Laptop,Books,West,15,300.13,4501.95
ORD-0156,2024-09-12,Yoga Mat,Books,East,10,42.27,422.7
ORD-0157,2024-09-08,Phone,Books,South,20,136.28,2725.6
ORD-0158,2024-11-07,Football,Books,East,8,482.83,3862.64
ORD-0159,2024-10-05,Textbook,Electronics,Central,20,279.06,5581.2
ORD-0160,2024-08-26,Chair,Sports,North,3,387.89,1163.67
ORD-0161,2024-08-08,Laptop,Clothing,West,12,35.72,428.64
ORD-0162,2024-11-28,Lamp,Books,West,11,294.36,3237.96
ORD-0163,2024-10-19,T-Shirt,Clothing,East,10,420.27,4202.7
ORD-0164,2024-05-23,Textbook,Clothing,North,18,268.64,4835.52
ORD-0165,2024-09-05,Phone,Electronics,East,2,177.41,354.82
ORD-0166,2024-12-21,Laptop,Books,North,19,254.84,4841.96
ORD-0167,2024-01-05,Novel,Sports,North,19,290.59,5521.21
ORD-0168,2024-04-13,Novel,Food,West,19,469.62,8922.78
ORD-0169,2024-10-09,T-Shirt,Books,West,16,232.39,3718.24
ORD-0170,2024-11-03,Textbook,Home,East,12,186.04,2232.48
ORD-0171,2024-07-10,Laptop,Food,Central,6,110.03,660.18
ORD-0172,2024-08-09,Football,Clothing,East,18,158.73,2857.14
ORD-0173,2024-09-20,Protein Bar,Sports,West,15,413.03,6195.45
ORD-0174,2024-09-04,Football,Books,East,19,209.19,3974.61
ORD-0175,2024-02-08,Yoga Mat,Food,Central,15,459.11,6886.65
ORD-0176,2024-07-10,Lamp,Clothing,North,9,378.0,3402.0
ORD-0177,2024-03-20,Protein Bar,Books,Central,7,222.51,1557.57
ORD-0178,2024-01-12,Rice,Books,North,12,417.13,5005.56
ORD-0179,2024-12-12,Laptop,Electronics,South,9,281.03,2529.27
ORD-0180,2024-11-27,Rice,Electronics,North,7,331.09,2317.63
ORD-0181,2024-01-18,Lamp,Electronics,North,7,282.75,1979.25
ORD-0182,2024-11-03,T-Shirt,Clothing,East,10,288.27,2882.7
ORD-0183,2024-05-22,Football,Electronics,West,8,32.61,260.88
ORD-0184,2024-01-12,Textbook,Food,East,12,209.08,2508.96
ORD-0185,2024-02-10,Textbook,Books,East,11,30.14,331.54
ORD-0186,2024-05-11,Yoga Mat,Home,Central,19,136.61,2595.59
ORD-0187,2024-05-13,Yoga Mat,Home,West,2,249.2,498.4
ORD-0188,2024-03-26,Lamp,Home,East,1,388.29,388.29
ORD-0189,2024-12-15,Novel,Books,Central,13,451.14,5864.82
ORD-0190,2024-08-06,Textbook,Electronics,East,3,426.83,1280.49
ORD-0191,2024-10-10,Protein Bar,Food,Central,14,229.06,3206.84
ORD-0192,2024-02-08,Football,Clothing,North,10,387.15,3871.5
ORD-0193,2024-11-03,Textbook,Sports,East,17,319.01,5423.17
ORD-0194,2024-08-12,Protein Bar,Books,South,14,420.94,5893.16
ORD-0195,2024-09-08,Protein Bar,Clothing,Central,20,353.98,7079.6
ORD-0196,2024-04-14,Phone,Sports,West,5,278.37,1391.85
ORD-0197,2024-12-12,Laptop,Food,East,12,135.35,1624.2
ORD-0198,2024-04-18,Lamp,Food,Central,6,34.47,206.82
ORD-0199,2024-01-06,Rice,Clothing,South,1,72.63,72.63
ORD-0200,2024-11-07,Chair,Food,North,3,335.4,1006.2
ORD-0201,2024-03-21,T-Shirt,Food,West,3,80.3,240.9
ORD-0202,2024-04-03,Phone,Food,North,14,58.84,823.76
ORD-0203,2024-07-24,Yoga Mat,Electronics,South,11,98.11,1079.21
ORD-0204,2024-08-22,Laptop,Home,Central,16,456.95,7311.2
ORD-0205,2024-07-16,Novel,Food,West,18,260.09,4681.62
ORD-0206,2024-05-06,Laptop,Books,East,5,109.89,549.45
ORD-0207,2024-05-09,Laptop,Food,South,1,350.73,350.73
ORD-0208,2024-06-05,Shoes,Sports,East,19,43.24,821.56
ORD-0209,2024-11-08,Laptop,Books,Central,20,373.78,7475.6
ORD-0210,2024-10-21,Textbook,Sports,South,14,427.51,5985.14
ORD-0211,2024-01-16,Protein Bar,Books,North,6,35.63,213.78
ORD-0212,2024-12-09,Phone,Electronics,Central,14,194.43,2722.02
ORD-0213,2024-03-03,Football,Electronics,West,13,428.98,5576.74
ORD-0214,2024-06-15,Shoes,Home,South,3,114.89,344.67
ORD-0215,2024-09-12,Shoes,Home,Central,13,77.74,1010.62
ORD-0216,2024-01-20,Chair,Electronics,North,9,103.43,930.87
ORD-0217,2024-09-04,Laptop,Books,West,17,436.1,7413.7
ORD-0218,2024-04-18,T-Shirt,Sports,Central,16,119.19,1907.04
ORD-0219,2024-04-24,Protein Bar,Food,South,7,446.15,3123.05
ORD-0220,2024-10-24,Lamp,Books,West,14,391.49,5480.86
ORD-0221,2024-08-25,Shoes,Home,Central,3,481.22,1443.66
ORD-0222,2024-04-25,Laptop,Food,East,4,176.52,706.08
ORD-0223,2024-09-11,Rice,Sports,East,15,333.31,4999.65
ORD-0224,2024-08-28,T-Shirt,Food,West,1,305.53,305.53
ORD-0225,2024-08-28,Novel,Books,West,12,62.01,744.12
ORD-0226,2024-07-18,Phone,Sports,South,7,158.02,1106.14
ORD-0227,2024-08-18,Yoga Mat,Clothing,North,17,58.27,990.59
ORD-0228,2024-04-15,Lamp,Clothing,Central,5,469.44,2347.2
ORD-0229,2024-08-10,Laptop,Sports,West,11,336.47,3701.17
ORD-0230,2024-06-12,Phone,Electronics,North,14,83.16,1164.24
ORD-0231,2024-02-07,Football,Electronics,West,1,283.8,283.8
ORD-0232,2024-10-13,Novel,Clothing,North,10,161.99,1619.9
ORD-0233,2024-03-09,Football,Electronics,Central,13,93.96,1221.48
ORD-0234,2024-10-11,Protein Bar,Books,Central,12,72.0,864.0
ORD-0235,2024-07-04,Laptop,Books,South,6,212.43,1274.58
ORD-0236,2024-06-02,Textbook,Electronics,South,17,293.34,4986.78
ORD-0237,2024-09-04,Protein Bar,Clothing,East,18,171.12,3080.16
ORD-0238,2024-11-01,Chair,Books,Central,13,128.97,1676.61
ORD-0239,2024-08-23,Phone,Food,Central,9,42.22,379.98
ORD-0240,2024-09-19,Lamp,Books,South,14,104.62,1464.68
ORD-0241,2024-05-04,Lamp,Home,East,17,484.07,8229.19
ORD-0242,2024-05-17,T-Shirt,Food,West,17,232.0,3944.0
ORD-0243,2024-04-17,Phone,Electronics,South,11,63.9,702.9
ORD-0244,2024-01-18,Shoes,Clothing,East,20,55.22,1104.4
ORD-0245,2024-06-22,Chair,Books,East,19,97.18,1846.42
ORD-0246,2024-12-11,Laptop,Home,North,1,296.45,296.45
ORD-0247,2024-11-27,Rice,Food,South,4,49.38,197.52
ORD-0248,2024-08-11,Laptop,Food,South,5,335.86,1679.3
ORD-0249,2024-10-26,Novel,Books,North,10,115.01,1150.1
ORD-0250,2024-01-23,Rice,Books,West,7,426.76,2987.32
ORD-0251,2024-06-01,Laptop,Sports,Central,2,93.31,186.62
ORD-0252,2024-02-24,Protein Bar,Food,West,4,353.84,1415.36
ORD-0253,2024-12-04,Laptop,Food,East,19,397.92,7560.48
ORD-0254,2024-09-08,Lamp,Electronics,South,1,10.79,10.79
ORD-0255,2024-05-04,T-Shirt,Food,North,20,460.21,9204.2
ORD-0256,2024-11-01,Novel,Electronics,West,4,396.93,1587.72
ORD-0257,2024-02-03,Novel,Food,South,5,37.02,185.1
ORD-0258,2024-10-24,Textbook,Sports,East,20,323.33,6466.6
ORD-0259,2024-11-10,Novel,Electronics,South,14,396.22,5547.08
ORD-0260,2024-09-24,Novel,Clothing,South,17,10.66,181.22
ORD-0261,2024-09-16,Phone,Books,South,12,468.47,5621.64
ORD-0262,2024-02-02,Textbook,Home,West,6,60.6,363.6
ORD-0263,2024-12-25,Lamp,Home,East,8,390.65,3125.2
ORD-0264,2024-01-11,Shoes,Food,East,11,59.13,650.43
ORD-0265,2024-07-02,Protein Bar,Books,West,10,300.29,3002.9
ORD-0266,2024-01-10,Yoga Mat,Books,West,10,103.61,1036.1
ORD-0267,2024-04-03,Laptop,Sports,South,16,321.46,5143.36
ORD-0268,2024-12-02,Textbook,Books,Central,8,357.87,2862.96
ORD-0269,2024-05-14,Yoga Mat,Electronics,West,2,101.86,203.72
ORD-0270,2024-11-02,Laptop,Sports,Central,4,251.41,1005.64
ORD-0271,2024-07-03,Textbook,Books,North,13,496.55,6455.15
ORD-0272,2024-05-28,Lamp,Books,North,9,364.17,3277.53
ORD-0273,2024-11-13,T-Shirt,Food,East,14,14.06,196.84
ORD-0274,2024-03-04,Yoga Mat,Food,West,20,16.47,329.4
ORD-0275,2024-08-20,Yoga Mat,Electronics,East,1,431.46,431.46
ORD-0276,2024-01-12,Laptop,Sports,North,19,107.73,2046.87
ORD-0277,2024-04-19,Rice,Electronics,West,11,373.05,4103.55
ORD-0278,2024-01-17,Chair,Electronics,East,3,335.84,1007.52
ORD-0279,2024-10-23,Novel,Home,West,1,360.88,360.88
ORD-0280,2024-06-08,Rice,Sports,North,12,107.85,1294.2
ORD-0281,2024-09-24,T-Shirt,Electronics,East,16,383.79,6140.64
ORD-0282,2024-03-23,Textbook,Home,Central,4,328.38,1313.52
ORD-0283,2024-02-22,Laptop,Sports,South,13,190.38,2474.94
ORD-0284,2024-10-28,Football,Books,Central,6,102.93,617.58
ORD-0285,2024-09-09,Chair,Sports,North,3,137.21,411.63
ORD-0286,2024-02-16,Lamp,Books,North,14,28.69,401.66
ORD-0287,2024-06-26,Protein Bar,Clothing,North,9,382.33,3440.97
ORD-0288,2024-08-01,Shoes,Books,Central,8,203.56,1628.48
ORD-0289,2024-04-09,Rice,Home,West,15,343.16,5147.4
ORD-0290,2024-02-23,Lamp,Books,West,9,128.8,1159.2
ORD-0291,2024-09-16,Lamp,Sports,Central,14,404.75,5666.5
ORD-0292,2024-07-04,Rice,Sports,South,19,209.44,3979.36
ORD-0293,2024-08-16,Yoga Mat,Electronics,North,13,468.15,6085.95
ORD-0294,2024-09-10,Yoga Mat,Clothing,North,14,292.57,4095.98
ORD-0295,2024-07-27,Protein Bar,Food,Central,20,404.96,8099.2
ORD-0296,2024-06-26,Protein Bar,Sports,South,12,115.7,1388.4
ORD-0297,2024-07-26,Football,Home,South,16,474.13,7586.08
ORD-0298,2024-01-25,Phone,Sports,North,6,490.23,2941.38
ORD-0299,2024-10-26,Textbook,Clothing,North,2,16.04,32.08
ORD-0300,2024-10-04,Novel,Home,East,5,285.05,1425.25
ORD-0301,2024-02-19,Phone,Clothing,East,10,72.9,729.0
ORD-0302,2024-06-10,Novel,Food,West,8,140.35,1122.8
ORD-0303,2024-06-01,Textbook,Sports,West,12,29.93,359.16
ORD-0304,2024-11-15,Shoes,Electronics,North,19,35.07,666.33
ORD-0305,2024-12-02,Shoes,Electronics,Central,7,108.65,760.55
ORD-0306,2024-08-04,Protein Bar,Electronics,West,6,142.42,854.52
ORD-0307,2024-02-24,Rice,Home,West,6,276.58,1659.48
ORD-0308,2024-03-06,Football,Clothing,South,16,425.4,6806.4
ORD-0309,2024-05-04,Phone,Clothing,Central,20,394.11,7882.2
ORD-0310,2024-02-04,Shoes,Home,South,9,353.48,3181.32
ORD-0311,2024-12-18,Shoes,Electronics,West,5,463.98,2319.9
ORD-0312,2024-08-02,Phone,Food,East,5,243.36,1216.8
ORD-0313,2024-06-15,Laptop,Electronics,West,16,335.59,5369.44
ORD-0314,2024-08-08,Protein Bar,Home,West,19,169.22,3215.18
ORD-0315,2024-10-21,Football,Sports,South,1,107.46,107.46
ORD-0316,2024-09-06,Yoga Mat,Electronics,West,19,33.03,627.57
ORD-0317,2024-07-10,Protein Bar,Sports,North,11,428.89,4717.79
ORD-0318,2024-08-12,Laptop,Books,West,4,12.98,51.92
ORD-0319,2024-02-26,Football,Food,North,10,22.79,227.9
ORD-0320,2024-12-24,T-Shirt,Electronics,East,11,380.46,4185.06
ORD-0321,2024-01-04,Chair,Sports,Central,19,490.65,9322.35
ORD-0322,2024-04-16,Chair,Electronics,South,11,282.06,3102.66
ORD-0323,2024-05-15,Yoga Mat,Home,South,11,370.63,4076.93
ORD-0324,2024-08-27,T-Shirt,Home,Central,4,45.04,180.16
ORD-0325,2024-03-26,Shoes,Home,West,9,39.86,358.74
ORD-0326,2024-04-03,Phone,Sports,North,10,343.73,3437.3
ORD-0327,2024-01-28,T-Shirt,Food,East,4,20.81,83.24
ORD-0328,2024-03-09,Textbook,Clothing,Central,12,354.43,4253.16
ORD-0329,2024-03-24,Football,Food,North,16,391.38,6262.08
ORD-0330,2024-10-12,Textbook,Food,East,6,114.81,688.86
ORD-0331,2024-03-13,Football,Food,West,14,344.4,4821.6
ORD-0332,2024-09-21,Rice,Food,West,18,121.7,2190.6
ORD-0333,2024-03-17,Yoga Mat,Food,West,11,349.82,3848.02
ORD-0334,2024-05-04,Rice,Books,North,1,170.46,170.46
ORD-0335,2024-10-13,Protein Bar,Books,South,17,356.87,6066.79
ORD-0336,2024-07-19,Lamp,Sports,North,19,44.23,840.37
ORD-0337,2024-10-11,Phone,Home,West,18,293.37,5280.66
ORD-0338,2024-06-23,Phone,Home,South,20,154.99,3099.8
ORD-0339,2024-12-22,Phone,Clothing,East,12,435.62,5227.44
ORD-0340,2024-07-19,Novel,Electronics,South,11,363.61,3999.71
ORD-0341,2024-03-15,Football,Home,North,4,345.75,1383.0
ORD-0342,2024-10-02,Shoes,Books,Central,3,14.11,42.33
ORD-0343,2024-04-23,Novel,Food,Central,9,151.23,1361.07
ORD-0344,2024-09-28,Chair,Books,South,4,221.39,885.56
ORD-0345,2024-04-25,Laptop,Books,Central,14,66.2,926.8
ORD-0346,2024-01-23,Football,Home,East,14,276.46,3870.44
ORD-0347,2024-12-09,Phone,Electronics,Central,20,188.1,3762.0
ORD-0348,2024-01-18,Football,Electronics,West,17,131.49,2235.33
ORD-0349,2024-01-18,T-Shirt,Electronics,South,1,378.15,378.15
ORD-0350,2024-08-24,Novel,Books,East,5,377.68,1888.4
ORD-0351,2024-05-01,Novel,Books,East,4,300.25,1201.0
ORD-0352,2024-12-13,Shoes,Books,East,14,171.03,2394.42
ORD-0353,2024-04-13,Chair,Home,East,17,336.41,5718.97
ORD-0354,2024-05-28,Rice,Home,Central,12,59.51,714.12
ORD-0355,2024-07-15,Laptop,Food,South,13,99.44,1292.72
ORD-0356,2024-06-12,Protein Bar,Food,West,3,402.67,1208.01
ORD-0357,2024-06-10,Yoga Mat,Food,North,4,273.71,1094.84
ORD-0358,2024-07-06,Chair,Food,West,7,166.72,1167.04
ORD-0359,2024-05-07,Protein Bar,Books,East,4,211.45,845.8
ORD-0360,2024-04-22,Laptop,Electronics,West,5,478.07,2390.35
ORD-0361,2024-03-10,T-Shirt,Clothing,North,18,360.83,6494.94
ORD-0362,2024-06-07,Laptop,Books,Central,10,396.21,3962.1
ORD-0363,2024-12-12,Yoga Mat,Sports,West,10,377.27,3772.7
ORD-0364,2024-10-16,Novel,Clothing,South,3,482.2,1446.6
ORD-0365,2024-11-18,Protein Bar,Clothing,South,17,310.51,5278.67
ORD-0366,2024-09-18,Shoes,Sports,East,12,91.2,1094.4
ORD-0367,2024-08-07,Laptop,Home,West,1,122.84,122.84
ORD-0368,2024-10-09,Chair,Sports,North,16,408.88,6542.08
ORD-0369,2024-03-22,Shoes,Sports,West,20,265.4,5308.0
ORD-0370,2024-01-24,Textbook,Food,South,9,170.63,1535.67
ORD-0371,2024-05-16,Textbook,Home,Central,18,75.4,1357.2
ORD-0372,2024-09-14,Phone,Clothing,North,8,386.12,3088.96
ORD-0373,2024-11-03,Yoga Mat,Home,East,11,288.65,3175.15
ORD-0374,2024-01-25,Laptop,Books,South,19,339.43,6449.17
ORD-0375,2024-04-12,Rice,Home,Central,3,182.71,548.13
ORD-0376,2024-11-24,T-Shirt,Books,South,8,285.77,2286.16
ORD-0377,2024-01-10,Yoga Mat,Food,South,9,254.49,2290.41
ORD-0378,2024-06-10,Shoes,Electronics,North,2,132.78,265.56
ORD-0379,2024-04-08,Textbook,Books,East,11,64.06,704.66
ORD-0380,2024-01-15,Textbook,Electronics,East,6,381.73,2290.38
ORD-0381,2024-02-14,Protein Bar,Food,North,3,405.14,1215.42
ORD-0382,2024-07-06,Textbook,Food,East,10,329.56,3295.6
ORD-0383,2024-07-17,Lamp,Clothing,East,20,334.15,6683.0
ORD-0384,2024-04-25,Chair,Electronics,North,3,213.7,641.1
ORD-0385,2024-08-03,Textbook,Clothing,East,8,313.89,2511.12
ORD-0386,2024-08-22,Yoga Mat,Sports,West,11,489.4,5383.4
ORD-0387,2024-06-01,Rice,Clothing,North,12,52.44,629.28
ORD-0388,2024-07-26,Rice,Books,South,19,22.21,421.99
ORD-0389,2024-03-14,Rice,Sports,East,2,484.63,969.26
ORD-0390,2024-02-17,Rice,Clothing,South,2,306.33,612.66
ORD-0391,2024-11-14,Textbook,Food,North,18,373.31,6719.58
ORD-0392,2024-07-16,Rice,Home,South,5,124.08,620.4
ORD-0393,2024-01-18,T-Shirt,Books,South,2,192.53,385.06
ORD-0394,2024-12-25,Shoes,Electronics,West,4,20.05,80.2
ORD-0395,2024-11-06,Textbook,Home,South,10,14.67,146.7
ORD-0396,2024-06-13,Laptop,Sports,Central,10,61.98,619.8
ORD-0397,2024-06-04,Rice,Books,North,13,64.92,843.96
ORD-0398,2024-07-03,Laptop,Books,West,10,19.27,192.7
ORD-0399,2024-04-08,Laptop,Clothing,West,13,127.41,1656.33
ORD-0400,2024-07-22,T-Shirt,Electronics,East,13,384.4,4997.2
ORD-0401,2024-07-02,Phone,Electronics,South,19,340.08,6461.52
ORD-0402,2024-01-19,Laptop,Food,South,6,359.81,2158.86
ORD-0403,2024-11-13,T-Shirt,Clothing,South,7,414.6,2902.2
ORD-0404,2024-07-09,Yoga Mat,Sports,West,17,211.5,3595.5
ORD-0405,2024-05-15,Lamp,Electronics,South,1,58.26,58.26
ORD-0406,2024-06-03,Chair,Books,North,5,30.19,150.95
ORD-0407,2024-09-11,Novel,Electronics,Central,13,89.19,1159.47
ORD-0408,2024-12-27,Lamp,Home,East,6,133.7,802.2
ORD-0409,2024-03-09,Phone,Books,East,13,235.14,3056.82
ORD-0410,2024-01-14,Phone,Clothing,Central,18,91.91,1654.38
ORD-0411,2024-12-10,Textbook,Electronics,South,15,471.35,7070.25
ORD-0412,2024-03-07,Phone,Home,West,19,153.81,2922.39
ORD-0413,2024-02-24,Football,Clothing,South,9,31.63,284.67
ORD-0414,2024-07-05,T-Shirt,Clothing,South,20,304.7,6094.0
ORD-0415,2024-11-25,T-Shirt,Food,West,13,98.58,1281.54
ORD-0416,2024-08-23,Novel,Clothing,Central,15,361.44,5421.6
ORD-0417,2024-12-09,Shoes,Food,Central,18,247.16,4448.88
ORD-0418,2024-01-23,Textbook,Books,Central,6,153.82,922.92
ORD-0419,2024-07-09,Novel,Home,Central,19,465.76,8849.44
ORD-0420,2024-04-01,Lamp,Books,West,2,81.47,162.94
ORD-0421,2024-05-19,Protein Bar,Food,North,20,317.64,6352.8
ORD-0422,2024-09-20,Textbook,Sports,North,12,139.63,1675.56
ORD-0423,2024-02-18,T-Shirt,Books,Central,3,147.0,441.0
ORD-0424,2024-09-20,Football,Clothing,Central,20,175.49,3509.8
ORD-0425,2024-04-22,Lamp,Home,Central,13,343.65,4467.45
ORD-0426,2024-11-19,Phone,Home,North,17,86.52,1470.84
ORD-0427,2024-07-22,Novel,Electronics,Central,20,274.89,5497.8
ORD-0428,2024-05-06,Lamp,Sports,East,5,412.04,2060.2
ORD-0429,2024-05-15,Shoes,Home,East,18,39.63,713.34
ORD-0430,2024-12-24,Protein Bar,Food,Central,4,155.23,620.92
ORD-0431,2024-04-08,T-Shirt,Food,Central,14,49.38,691.32
ORD-0432,2024-08-23,Rice,Food,West,20,472.26,9445.2
ORD-0433,2024-10-06,Protein Bar,Clothing,East,12,24.33,291.96
ORD-0434,2024-04-03,Chair,Food,Central,18,329.38,5928.84
ORD-0435,2024-06-03,Protein Bar,Electronics,East,11,354.67,3901.37
ORD-0436,2024-11-21,Phone,Sports,South,20,455.12,9102.4
ORD-0437,2024-12-22,Yoga Mat,Sports,East,18,289.02,5202.36
ORD-0438,2024-08-02,Phone,Clothing,Central,2,138.44,276.88
ORD-0439,2024-05-14,Lamp,Electronics,North,19,462.58,8789.02
ORD-0440,2024-07-06,Lamp,Home,South,17,331.97,5643.49
ORD-0441,2024-06-11,T-Shirt,Electronics,North,12,321.25,3855.0
ORD-0442,2024-10-22,Laptop,Electronics,East,17,80.02,1360.34
ORD-0443,2024-11-11,Shoes,Home,North,6,423.24,2539.44
ORD-0444,2024-08-25,Phone,Electronics,West,3,167.65,502.95
ORD-0445,2024-03-17,Rice,Clothing,South,18,61.62,1109.16
ORD-0446,2024-08-05,Phone,Clothing,Central,6,132.67,796.02
ORD-0447,2024-11-26,Football,Sports,North,4,45.57,182.28
ORD-0448,2024-07-01,Chair,Clothing,South,1,12.11,12.11
ORD-0449,2024-06-27,Textbook,Sports,West,1,446.58,446.58
ORD-0450,2024-07-14,Yoga Mat,Food,Central,11,424.09,4664.99
ORD-0451,2024-10-22,Yoga Mat,Electronics,Central,5,100.99,504.95
ORD-0452,2024-12-18,Textbook,Electronics,Central,10,344.11,3441.1
ORD-0453,2024-04-18,Textbook,Home,North,17,38.18,649.06
ORD-0454,2024-01-12,Novel,Electronics,North,2,498.51,997.02
ORD-0455,2024-09-24,Phone,Books,Central,16,345.28,5524.48
ORD-0456,2024-02-10,Chair,Sports,West,14,263.03,3682.42
ORD-0457,2024-05-17,Shoes,Electronics,North,19,256.26,4868.94
ORD-0458,2024-02-19,Shoes,Sports,East,19,78.1,1483.9
ORD-0459,2024-12-09,Yoga Mat,Electronics,Central,17,107.95,1835.15
ORD-0460,2024-04-13,Phone,Books,West,18,88.96,1601.28
ORD-0461,2024-07-03,Phone,Food,North,3,244.12,732.36
ORD-0462,2024-09-03,Textbook,Food,East,9,14.78,133.02
ORD-0463,2024-11-08,Novel,Electronics,Central,2,184.9,369.8
ORD-0464,2024-01-03,Protein Bar,Home,North,1,28.25,28.25
ORD-0465,2024-06-24,Lamp,Sports,Central,10,58.5,585.0
ORD-0466,2024-01-02,Shoes,Electronics,East,7,337.6,2363.2
ORD-0467,2024-10-04,Phone,Home,North,11,307.89,3386.79
ORD-0468,2024-02-08,Novel,Electronics,North,11,322.29,3545.19
ORD-0469,2024-01-13,Laptop,Sports,East,19,356.0,6764.0
ORD-0470,2024-04-12,Textbook,Books,West,11,437.53,4812.83
ORD-0471,2024-11-03,Shoes,Sports,Central,4,366.24,1464.96
ORD-0472,2024-10-10,Shoes,Clothing,West,5,406.9,2034.5
ORD-0473,2024-10-24,Protein Bar,Electronics,Central,11,152.87,1681.57
ORD-0474,2024-06-07,Football,Clothing,West,18,28.39,511.02
ORD-0475,2024-09-08,Chair,Food,North,8,415.49,3323.92
ORD-0476,2024-02-28,Textbook,Books,North,13,360.73,4689.49
ORD-0477,2024-11-02,Protein Bar,Home,South,19,277.52,5272.88
ORD-0478,2024-10-26,Chair,Home,East,9,317.8,2860.2
ORD-0479,2024-01-13,Protein Bar,Sports,West,8,360.95,2887.6
ORD-0480,2024-11-07,Shoes,Home,East,12,45.63,547.56
ORD-0481,2024-09-11,Textbook,Home,North,6,75.46,452.76
ORD-0482,2024-08-10,Lamp,Electronics,North,16,181.79,2908.64
ORD-0483,2024-02-19,Rice,Books,Central,1,440.18,440.18
ORD-0484,2024-04-07,Rice,Home,West,15,185.14,2777.1
ORD-0485,2024-09-18,Rice,Electronics,West,9,74.86,673.74
ORD-0486,2024-09-23,Football,Sports,North,7,323.36,2263.52
ORD-0487,2024-08-11,Phone,Clothing,West,17,344.46,5855.82
ORD-0488,2024-04-11,Textbook,Electronics,Central,14,441.2,6176.8
ORD-0489,2024-12-14,Lamp,Clothing,North,1,376.18,376.18
ORD-0490,2024-07-26,Lamp,Sports,West,10,28.58,285.8
ORD-0491,2024-01-26,Yoga Mat,Clothing,North,3,245.25,735.75
ORD-0492,2024-12-24,Chair,Sports,South,6,268.77,1612.62
ORD-0493,2024-09-16,Lamp,Food,North,16,440.71,7051.36
ORD-0494,2024-01-17,Protein Bar,Electronics,Central,18,208.54,3753.72
ORD-0495,2024-06-01,Laptop,Electronics,East,10,327.45,3274.5
ORD-0496,2024-07-08,Football,Electronics,Central,5,253.0,1265.0
ORD-0497,2024-12-18,Phone,Books,North,5,242.29,1211.45
ORD-0498,2024-12-22,Protein Bar,Books,West,4,392.69,1570.76
ORD-0499,2024-05-27,T-Shirt,Sports,West,15,59.77,896.55
ORD-0500,2024-03-16,Protein Bar,Sports,Central,17,161.29,2741.93
ORD-0501,2024-07-25,Chair,Clothing,North,18,296.55,5337.9
ORD-0502,2024-10-10,Phone,Food,South,5,359.28,1796.4
ORD-0503,2024-09-17,Yoga Mat,Books,West,16,197.55,3160.8
ORD-0504,2024-05-05,Chair,Sports,West,5,259.45,1297.25
ORD-0505,2024-08-19,Rice,Books,South,17,446.77,7595.09
ORD-0506,2024-05-13,Lamp,Clothing,West,2,277.87,555.74
ORD-0507,2024-04-19,Protein Bar,Home,Central,4,402.73,1610.92
ORD-0508,2024-08-24,Laptop,Home,Central,7,220.88,1546.16
ORD-0509,2024-12-21,Lamp,Food,North,2,264.08,528.16
ORD-0510,2024-08-04,Shoes,Home,East,5,174.99,874.95
ORD-0511,2024-09-13,Laptop,Books,South,18,53.25,958.5
ORD-0512,2024-03-06,Rice,Electronics,East,3,64.31,192.93
ORD-0513,2024-07-21,Textbook,Home,South,11,321.28,3534.08
ORD-0514,2024-12-03,Novel,Home,Central,17,409.17,6955.89
ORD-0515,2024-09-04,T-Shirt,Home,Central,7,367.88,2575.16
ORD-0516,2024-10-18,Shoes,Home,Central,6,31.64,189.84
ORD-0517,2024-01-07,Textbook,Food,East,17,375.82,6388.94
ORD-0518,2024-12-04,Textbook,Home,East,6,257.83,1546.98
ORD-0519,2024-11-17,Phone,Sports,East,17,222.1,3775.7
ORD-0520,2024-01-27,Laptop,Sports,Central,8,314.4,2515.2
ORD-0521,2024-02-16,Rice,Home,East,2,245.79,491.58
ORD-0522,2024-01-25,Football,Food,West,7,64.04,448.28
ORD-0523,2024-04-06,T-Shirt,Clothing,East,13,369.34,4801.42
ORD-0524,2024-08-18,Protein Bar,Electronics,Central,2,376.87,753.74
ORD-0525,2024-10-10,T-Shirt,Food,Central,11,349.91,3849.01
ORD-0526,2024-06-12,Novel,Food,West,17,111.06,1888.02
ORD-0527,2024-09-22,Chair,Sports,Central,17,368.94,6271.98
ORD-0528,2024-04-03,Shoes,Sports,West,6,119.36,716.16
ORD-0529,2024-06-02,Rice,Clothing,South,18,475.07,8551.26
ORD-0530,2024-01-03,Football,Books,South,6,64.02,384.12
ORD-0531,2024-06-22,Lamp,Books,Central,4,383.67,1534.68
ORD-0532,2024-12-06,Chair,Food,North,9,299.32,2693.88
ORD-0533,2024-11-11,Shoes,Home,South,8,99.96,799.68
ORD-0534,2024-12-10,Textbook,Sports,South,1,230.36,230.36
ORD-0535,2024-06-04,Football,Sports,Central,12,121.92,1463.04
ORD-0536,2024-01-24,Football,Sports,West,4,166.27,665.08
ORD-0537,2024-05-06,Chair,Books,South,6,190.64,1143.84
ORD-0538,2024-02-16,Novel,Clothing,Central,8,280.14,2241.12
ORD-0539,2024-05-21,Laptop,Food,South,9,262.28,2360.52
ORD-0540,2024-02-20,Phone,Home,Central,5,43.87,219.35
ORD-0541,2024-06-03,T-Shirt,Books,East,11,421.92,4641.12
ORD-0542,2024-07-04,Protein Bar,Books,Central,12,253.73,3044.76
ORD-0543,2024-04-02,Chair,Books,North,19,372.22,7072.18
ORD-0544,2024-10-25,Football,Food,Central,1,84.32,84.32
ORD-0545,2024-06-06,Phone,Home,North,2,121.36,242.72
ORD-0546,2024-09-10,Phone,Food,East,9,159.97,1439.73
ORD-0547,2024-12-06,Chair,Sports,East,17,248.76,4228.92
ORD-0548,2024-04-18,Yoga Mat,Sports,Central,6,54.68,328.08
ORD-0549,2024-03-20,Phone,Electronics,Central,3,299.39,898.17
ORD-0550,2024-09-16,Lamp,Food,North,4,376.64,1506.56
ORD-0551,2024-08-09,Laptop,Food,South,16,228.3,3652.8
ORD-0552,2024-12-08,Phone,Electronics,East,10,220.77,2207.7
ORD-0553,2024-08-21,Laptop,Sports,East,3,179.72,539.16
ORD-0554,2024-09-16,T-Shirt,Food,West,10,482.82,4828.2
ORD-0555,2024-08-06,Chair,Clothing,Central,7,164.1,1148.7
ORD-0556,2024-11-06,Phone,Food,North,14,387.06,5418.84
ORD-0557,2024-12-04,Yoga Mat,Sports,North,11,437.09,4807.99
ORD-0558,2024-02-12,Textbook,Food,East,3,183.51,550.53
ORD-0559,2024-01-23,Novel,Sports,Central,9,120.95,1088.55
ORD-0560,2024-09-17,Rice,Clothing,East,20,436.56,8731.2
ORD-0561,2024-07-04,Shoes,Sports,South,8,182.22,1457.76
ORD-0562,2024-12-03,Laptop,Food,South,17,184.0,3128.0
ORD-0563,2024-08-07,Protein Bar,Books,East,9,60.13,541.17
ORD-0564,2024-02-20,Rice,Home,South,12,164.35,1972.2
ORD-0565,2024-11-14,T-Shirt,Home,Central,1,189.78,189.78
ORD-0566,2024-10-15,T-Shirt,Clothing,West,5,223.44,1117.2
ORD-0567,2024-12-21,Novel,Home,West,8,358.95,2871.6
ORD-0568,2024-02-04,Yoga Mat,Books,Central,11,361.82,3980.02
ORD-0569,2024-10-01,Phone,Electronics,North,17,190.67,3241.39
ORD-0570,2024-12-18,Protein Bar,Food,East,4,438.02,1752.08
ORD-0571,2024-11-06,T-Shirt,Sports,Central,5,271.14,1355.7
ORD-0572,2024-02-26,T-Shirt,Home,East,14,157.58,2206.12
ORD-0573,2024-03-03,Chair,Electronics,West,3,229.7,689.1
ORD-0574,2024-04-06,Chair,Books,South,19,464.22,8820.18
ORD-0575,2024-01-18,Football,Books,North,19,62.83,1193.77
ORD-0576,2024-06-07,Football,Sports,North,11,338.74,3726.14
ORD-0577,2024-04-04,Football,Clothing,North,2,243.86,487.72
ORD-0578,2024-08-11,Football,Home,South,15,399.29,5989.35
ORD-0579,2024-10-03,Textbook,Electronics,Central,9,475.84,4282.56
ORD-0580,2024-02-16,Yoga Mat,Home,East,3,104.23,312.69
ORD-0581,2024-03-25,Rice,Food,East,6,183.67,1102.02
ORD-0582,2024-03-14,Phone,Clothing,North,13,150.88,1961.44
ORD-0583,2024-07-17,Laptop,Food,Central,13,297.06,3861.78
ORD-0584,2024-02-22,Chair,Electronics,East,19,274.22,5210.18
ORD-0585,2024-10-27,Shoes,Books,East,10,428.34,4283.4
ORD-0586,2024-10-02,Lamp,Home,North,1,103.84,103.84
ORD-0587,2024-03-01,Chair,Electronics,East,13,166.39,2163.07
ORD-0588,2024-06-25,Phone,Sports,East,11,77.91,857.01
ORD-0589,2024-07-03,Laptop,Electronics,West,13,308.53,4010.89
ORD-0590,2024-06-21,Football,Electronics,West,7,473.57,3314.99
ORD-0591,2024-05-04,Laptop,Sports,South,2,494.56,989.12
ORD-0592,2024-12-24,Chair,Sports,South,20,43.72,874.4
ORD-0593,2024-02-14,Laptop,Sports,North,17,491.77,8360.09
ORD-0594,2024-11-27,Yoga Mat,Books,East,17,20.13,342.21
ORD-0595,2024-10-10,Laptop,Clothing,Central,15,189.87,2848.05
ORD-0596,2024-11-02,Phone,Electronics,South,14,147.33,2062.62
ORD-0597,2024-01-22,Shoes,Books,South,3,339.11,1017.33
ORD-0598,2024-12-28,Novel,Electronics,Central,4,39.28,157.12
ORD-0599,2024-05-25,Protein Bar,Electronics,West,17,96.78,1645.26
ORD-0600,2024-10-22,Protein Bar,Sports,East,18,373.49,6722.82
ORD-0601,2024-04-17,Lamp,Sports,North,4,485.07,1940.28
ORD-0602,2024-04-09,Shoes,Books,South,9,183.57,1652.13
ORD-0603,2024-07-05,Rice,Food,North,4,422.03,1688.12
ORD-0604,2024-10-19,Shoes,Clothing,South,18,84.66,1523.88
ORD-0605,2024-08-12,T-Shirt,Sports,West,14,464.1,6497.4
ORD-0606,2024-01-02,Phone,Sports,North,4,490.95,1963.8
ORD-0607,2024-02-24,T-Shirt,Clothing,North,12,184.58,2214.96
ORD-0608,2024-08-21,Shoes,Clothing,East,1,32.91,32.91
ORD-0609,2024-09-08,Lamp,Home,West,10,306.6,3066.0
ORD-0610,2024-01-03,Lamp,Home,West,14,116.62,1632.68
ORD-0611,2024-07-27,Chair,Sports,East,18,232.28,4181.04
ORD-0612,2024-11-14,Laptop,Sports,West,18,98.61,1774.98
ORD-0613,2024-08-27,Rice,Books,North,20,339.06,6781.2
ORD-0614,2024-05-18,Yoga Mat,Food,East,8,203.55,1628.4
ORD-0615,2024-08-14,Textbook,Home,West,5,466.35,2331.75
ORD-0616,2024-11-04,Shoes,Home,South,15,21.84,327.6
ORD-0617,2024-01-02,T-Shirt,Books,North,1,93.31,93.31
ORD-0618,2024-03-23,Rice,Clothing,West,17,380.0,6460.0
ORD-0619,2024-05-26,Chair,Electronics,East,18,119.13,2144.34
ORD-0620,2024-12-22,Phone,Food,West,16,201.79,3228.64
ORD-0621,2024-03-10,Protein Bar,Food,South,19,146.53,2784.07
ORD-0622,2024-05-20,T-Shirt,Food,South,18,466.34,8394.12
ORD-0623,2024-08-17,Laptop,Books,North,20,284.78,5695.6
ORD-0624,2024-09-07,Lamp,Home,Central,5,244.4,1222.0
ORD-0625,2024-05-26,Rice,Electronics,West,11,441.18,4852.98
ORD-0626,2024-04-18,Laptop,Food,West,8,277.59,2220.72
ORD-0627,2024-02-05,Textbook,Sports,West,1,283.84,283.84
ORD-0628,2024-02-24,Laptop,Clothing,West,16,231.09,3697.44
ORD-0629,2024-04-24,T-Shirt,Sports,North,6,112.39,674.34
ORD-0630,2024-09-04,Lamp,Clothing,West,10,412.52,4125.2
ORD-0631,2024-08-15,Rice,Home,Central,6,429.81,2578.86
ORD-0632,2024-08-26,Yoga Mat,Books,Central,10,355.1,3551.0
ORD-0633,2024-05-20,Chair,Electronics,West,6,94.93,569.58
ORD-0634,2024-10-16,Shoes,Home,South,8,283.87,2270.96
ORD-0635,2024-11-22,Textbook,Sports,East,3,282.75,848.25
ORD-0636,2024-04-12,Protein Bar,Food,Central,13,322.12,4187.56
ORD-0637,2024-03-17,T-Shirt,Sports,East,2,143.75,287.5
ORD-0638,2024-11-15,Novel,Sports,East,6,128.47,770.82
ORD-0639,2024-07-09,Phone,Food,East,1,476.08,476.08
ORD-0640,2024-05-08,Rice,Sports,East,16,198.84,3181.44
ORD-0641,2024-10-08,Rice,Clothing,West,16,319.12,5105.92
ORD-0642,2024-04-10,Rice,Books,North,6,193.14,1158.84
ORD-0643,2024-03-19,Shoes,Home,North,20,313.85,6277.0
ORD-0644,2024-07-28,Chair,Clothing,North,12,171.31,2055.72
ORD-0645,2024-02-02,Laptop,Food,East,3,251.5,754.5
ORD-0646,2024-06-07,Shoes,Home,South,18,289.97,5219.46
ORD-0647,2024-08-02,Football,Sports,West,14,45.11,631.54
ORD-0648,2024-12-22,Phone,Home,North,4,104.23,416.92
ORD-0649,2024-08-13,Protein Bar,Books,North,18,255.81,4604.58
ORD-0650,2024-01-14,Football,Food,West,5,77.49,387.45
ORD-0651,2024-10-05,Novel,Books,South,16,400.22,6403.52
ORD-0652,2024-01-03,Phone,Clothing,East,9,259.01,2331.09
ORD-0653,2024-06-12,Yoga Mat,Sports,East,7,151.59,1061.13
ORD-0654,2024-06-19,Laptop,Clothing,North,10,133.03,1330.3
ORD-0655,2024-08-09,Yoga Mat,Electronics,North,12,171.56,2058.72
ORD-0656,2024-11-04,Phone,Electronics,Central,20,117.83,2356.6
ORD-0657,2024-04-21,Yoga Mat,Clothing,Central,8,242.95,1943.6
ORD-0658,2024-06-25,Protein Bar,Home,North,17,83.17,1413.89
ORD-0659,2024-10-11,Rice,Clothing,Central,5,414.83,2074.15
ORD-0660,2024-02-25,Shoes,Electronics,West,8,254.21,2033.68
ORD-0661,2024-03-03,Shoes,Clothing,Central,6,20.94,125.64
ORD-0662,2024-03-01,Textbook,Electronics,South,9,443.84,3994.56
ORD-0663,2024-10-12,Phone,Electronics,North,7,269.64,1887.48
ORD-0664,2024-01-25,Football,Books,East,8,176.58,1412.64
ORD-0665,2024-07-03,Textbook,Sports,North,15,35.22,528.3
ORD-0666,2024-12-06,Chair,Electronics,North,17,74.1,1259.7
ORD-0667,2024-05-22,Chair,Electronics,East,18,434.5,7821.0
ORD-0668,2024-01-11,Novel,Sports,South,5,303.05,1515.25
ORD-0669,2024-07-06,Lamp,Clothing,West,11,335.12,3686.32
ORD-0670,2024-04-16,Chair,Sports,North,7,324.15,2269.05
ORD-0671,2024-01-04,Chair,Home,North,18,97.28,1751.04
ORD-0672,2024-04-02,Phone,Electronics,East,10,482.11,4821.1
ORD-0673,2024-04-26,Yoga Mat,Sports,West,2,106.65,213.3
ORD-0674,2024-04-16,Phone,Clothing,West,8,12.42,99.36
ORD-0675,2024-06-01,Chair,Electronics,West,17,193.24,3285.08
ORD-0676,2024-04-14,Football,Home,North,4,273.54,1094.16
ORD-0677,2024-04-18,Yoga Mat,Electronics,East,6,194.11,1164.66
ORD-0678,2024-01-19,Rice,Food,East,16,68.3,1092.8
ORD-0679,2024-05-01,Novel,Books,West,19,468.76,8906.44
ORD-0680,2024-02-21,Phone,Electronics,North,14,153.21,2144.94
ORD-0681,2024-01-07,T-Shirt,Food,South,8,371.85,2974.8
ORD-0682,2024-04-24,Shoes,Food,East,16,376.89,6030.24
ORD-0683,2024-03-01,Textbook,Food,West,10,202.63,2026.3
ORD-0684,2024-09-05,Shoes,Clothing,West,3,467.53,1402.59
ORD-0685,2024-09-06,Football,Books,Central,20,326.94,6538.8
ORD-0686,2024-07-19,Rice,Home,South,9,178.99,1610.91
ORD-0687,2024-04-24,Chair,Home,South,11,491.08,5401.88
ORD-0688,2024-01-04,Phone,Books,North,7,173.53,1214.71
ORD-0689,2024-10-04,Protein Bar,Electronics,West,11,321.31,3534.41
ORD-0690,2024-07-05,Lamp,Sports,South,12,45.55,546.6
ORD-0691,2024-04-17,Shoes,Food,Central,4,449.27,1797.08
ORD-0692,2024-03-18,Yoga Mat,Home,East,6,463.48,2780.88
ORD-0693,2024-05-11,Yoga Mat,Electronics,South,3,224.48,673.44
ORD-0694,2024-02-21,Phone,Clothing,East,18,458.04,8244.72
ORD-0695,2024-08-17,Football,Sports,Central,11,374.62,4120.82
ORD-0696,2024-01-18,Shoes,Books,South,10,225.46,2254.6
ORD-0697,2024-05-02,Novel,Books,North,17,330.57,5619.69
ORD-0698,2024-11-20,Shoes,Electronics,East,17,476.54,8101.18
ORD-0699,2024-08-08,Textbook,Books,South,6,160.7,964.2
ORD-0700,2024-03-22,Protein Bar,Books,North,6,127.51,765.06
ORD-0701,2024-10-09,Chair,Books,South,13,243.54,3166.02
ORD-0702,2024-10-19,Novel,Home,East,14,266.14,3725.96
ORD-0703,2024-02-20,Shoes,Home,East,6,496.47,2978.82
ORD-0704,2024-08-25,Novel,Food,South,13,151.38,1967.94
ORD-0705,2024-02-04,Novel,Electronics,West,6,96.67,580.02
ORD-0706,2024-04-21,Protein Bar,Books,North,18,149.3,2687.4
ORD-0707,2024-07-22,Rice,Sports,West,4,239.53,958.12
ORD-0708,2024-12-02,Phone,Clothing,East,8,12.35,98.8
ORD-0709,2024-04-15,Rice,Electronics,Central,10,496.11,4961.1
ORD-0710,2024-02-20,Lamp,Home,West,13,215.34,2799.42
ORD-0711,2024-11-13,Lamp,Books,Central,5,352.82,1764.1
ORD-0712,2024-06-05,Phone,Home,South,12,140.69,1688.28
ORD-0713,2024-11-28,T-Shirt,Home,South,1,16.51,16.51
ORD-0714,2024-04-18,T-Shirt,Food,East,10,349.44,3494.4
ORD-0715,2024-09-04,Rice,Clothing,West,1,309.01,309.01
ORD-0716,2024-02-02,Lamp,Sports,Central,2,381.93,763.86
ORD-0717,2024-08-12,Rice,Sports,West,6,50.2,301.2
ORD-0718,2024-03-22,Lamp,Food,South,19,139.34,2647.46
ORD-0719,2024-07-01,Yoga Mat,Home,Central,1,50.65,50.65
ORD-0720,2024-02-11,Chair,Home,East,16,184.84,2957.44
ORD-0721,2024-10-20,Novel,Electronics,West,9,153.31,1379.79
ORD-0722,2024-04-02,Chair,Home,North,7,423.28,2962.96
ORD-0723,2024-01-08,T-Shirt,Clothing,East,12,328.63,3943.56
ORD-0724,2024-10-02,Yoga Mat,Food,North,6,441.91,2651.46
ORD-0725,2024-04-08,Shoes,Home,East,15,34.36,515.4
ORD-0726,2024-03-25,Laptop,Clothing,South,8,166.39,1331.12
ORD-0727,2024-09-06,Phone,Books,East,11,440.59,4846.49
ORD-0728,2024-07-07,Lamp,Books,North,8,61.01,488.08
ORD-0729,2024-01-08,Shoes,Home,Central,3,175.51,526.53
ORD-0730,2024-05-11,Phone,Clothing,East,15,155.25,2328.75
ORD-0731,2024-09-13,Yoga Mat,Home,Central,8,497.95,3983.6
ORD-0732,2024-11-03,Novel,Books,Central,6,129.33,775.98
ORD-0733,2024-02-13,Textbook,Electronics,South,8,171.75,1374.0
ORD-0734,2024-10-22,Novel,Electronics,North,7,266.02,1862.14
ORD-0735,2024-11-11,Protein Bar,Sports,Central,10,44.24,442.4
ORD-0736,2024-12-26,Football,Books,North,11,440.04,4840.44
ORD-0737,2024-11-19,Rice,Food,West,10,120.63,1206.3
ORD-0738,2024-09-05,Novel,Electronics,North,14,76.73,1074.22
ORD-0739,2024-03-05,Protein Bar,Home,West,13,486.18,6320.34
ORD-0740,2024-02-09,Textbook,Sports,West,17,11.05,187.85
ORD-0741,2024-08-24,Rice,Books,South,20,50.2,1004.0
ORD-0742,2024-06-16,Protein Bar,Electronics,North,1,285.91,285.91
ORD-0743,2024-02-08,Football,Electronics,North,13,162.48,2112.24
ORD-0744,2024-04-10,Phone,Clothing,South,15,426.56,6398.4
ORD-0745,2024-12-20,Shoes,Food,West,16,359.02,5744.32
ORD-0746,2024-02-25,Rice,Food,South,1,397.84,397.84
ORD-0747,2024-04-06,Rice,Home,Central,2,124.47,248.94
ORD-0748,2024-05-20,Textbook,Clothing,Central,20,52.55,1051.0
ORD-0749,2024-05-18,Protein Bar,Home,South,6,300.01,1800.06
ORD-0750,2024-09-18,Yoga Mat,Sports,Central,2,498.4,996.8
ORD-0751,2024-02-07,Football,Clothing,East,7,290.07,2030.49
ORD-0752,2024-11-15,Yoga Mat,Clothing,East,15,43.1,646.5
ORD-0753,2024-08-06,Novel,Sports,South,9,186.92,1682.28
ORD-0754,2024-08-12,Shoes,Home,East,16,37.54,600.64
ORD-0755,2024-12-09,Lamp,Home,Central,12,339.7,4076.4
ORD-0756,2024-07-11,Novel,Food,West,13,180.69,2348.97
ORD-0757,2024-03-19,Textbook,Home,East,1,90.47,90.47
ORD-0758,2024-12-21,Football,Sports,East,20,489.82,9796.4
ORD-0759,2024-02-07,Lamp,Electronics,North,20,256.24,5124.8
ORD-0760,2024-07-16,Rice,Clothing,Central,7,317.51,2222.57
ORD-0761,2024-04-22,Shoes,Clothing,North,13,100.08,1301.04
ORD-0762,2024-08-20,Yoga Mat,Books,North,20,421.87,8437.4
ORD-0763,2024-04-18,Phone,Sports,North,1,275.26,275.26
ORD-0764,2024-04-06,Protein Bar,Food,South,17,484.52,8236.84
ORD-0765,2024-07-20,Yoga Mat,Food,North,6,448.76,2692.56
ORD-0766,2024-03-15,Laptop,Electronics,North,17,358.21,6089.57
ORD-0767,2024-06-26,Yoga Mat,Food,South,10,206.26,2062.6
ORD-0768,2024-04-18,Phone,Sports,East,6,344.48,2066.88
ORD-0769,2024-09-07,Lamp,Electronics,East,8,362.23,2897.84
ORD-0770,2024-05-26,Novel,Home,East,7,162.38,1136.66
ORD-0771,2024-06-28,Novel,Home,Central,12,193.41,2320.92
ORD-0772,2024-08-26,Chair,Sports,West,17,87.22,1482.74
ORD-0773,2024-05-20,Chair,Home,Central,18,331.84,5973.12
ORD-0774,2024-05-16,Laptop,Home,North,13,75.52,981.76
ORD-0775,2024-11-17,Laptop,Food,South,6,272.33,1633.98
ORD-0776,2024-11-26,Rice,Home,North,15,427.04,6405.6
ORD-0777,2024-11-03,T-Shirt,Home,West,20,137.05,2741.0
ORD-0778,2024-09-18,T-Shirt,Sports,South,12,16.79,201.48
ORD-0779,2024-06-22,Protein Bar,Food,North,13,208.14,2705.82
ORD-0780,2024-02-03,Lamp,Food,West,10,457.77,4577.7
ORD-0781,2024-07-17,Novel,Books,Central,14,186.09,2605.26
ORD-0782,2024-02-23,Laptop,Electronics,North,13,194.53,2528.89
ORD-0783,2024-08-03,Phone,Electronics,West,18,52.46,944.28
ORD-0784,2024-02-18,Protein Bar,Books,North,8,139.18,1113.44
ORD-0785,2024-09-27,Protein Bar,Books,North,12,331.88,3982.56
ORD-0786,2024-09-04,T-Shirt,Home,West,13,499.28,6490.64
ORD-0787,2024-01-10,Textbook,Sports,Central,8,354.69,2837.52
ORD-0788,2024-12-13,Shoes,Food,West,13,414.07,5382.91
ORD-0789,2024-11-02,Football,Clothing,East,15,173.57,2603.55
ORD-0790,2024-04-15,Lamp,Clothing,South,1,401.77,401.77
ORD-0791,2024-08-20,Novel,Electronics,West,3,299.4,898.2
ORD-0792,2024-12-02,Chair,Sports,Central,19,379.68,7213.92
ORD-0793,2024-09-23,Chair,Food,North,11,37.67,414.37
ORD-0794,2024-02-20,Rice,Home,East,19,259.01,4921.19
ORD-0795,2024-08-15,T-Shirt,Books,Central,7,312.06,2184.42
ORD-0796,2024-05-07,Lamp,Home,South,20,196.34,3926.8
ORD-0797,2024-05-17,Lamp,Home,Central,17,267.95,4555.15
ORD-0798,2024-03-21,Chair,Electronics,South,1,103.24,103.24
ORD-0799,2024-02-21,Laptop,Home,Central,8,268.25,2146.0
ORD-0800,2024-01-04,Rice,Clothing,South,13,58.69,762.97
ORD-0801,2024-04-21,Laptop,Electronics,North,4,349.76,1399.04
ORD-0802,2024-12-02,Laptop,Food,East,19,359.86,6837.34
ORD-0803,2024-09-27,Novel,Books,East,14,156.36,2189.04
ORD-0804,2024-10-12,Lamp,Home,West,1,30.6,30.6
ORD-0805,2024-01-08,Laptop,Books,North,14,21.21,296.94
ORD-0806,2024-02-20,Shoes,Sports,South,19,325.3,6180.7
ORD-0807,2024-04-06,Phone,Food,South,4,281.26,1125.04
ORD-0808,2024-12-16,Novel,Food,West,12,403.59,4843.08
ORD-0809,2024-04-17,Football,Home,East,6,314.79,1888.74
ORD-0810,2024-10-02,T-Shirt,Home,North,15,12.01,180.15
ORD-0811,2024-08-11,Laptop,Electronics,North,20,255.77,5115.4
ORD-0812,2024-12-10,Phone,Electronics,East,15,332.27,4984.05
ORD-0813,2024-04-12,Protein Bar,Home,Central,20,372.3,7446.0
ORD-0814,2024-02-07,Chair,Books,West,5,468.42,2342.1
ORD-0815,2024-10-14,Chair,Clothing,West,14,331.28,4637.92
ORD-0816,2024-01-14,Protein Bar,Sports,East,9,113.44,1020.96
ORD-0817,2024-06-12,Lamp,Clothing,West,19,318.58,6053.02
ORD-0818,2024-10-28,Protein Bar,Electronics,South,11,312.83,3441.13
ORD-0819,2024-12-11,Chair,Home,North,9,277.52,2497.68
ORD-0820,2024-12-03,Novel,Food,Central,5,31.97,159.85
ORD-0821,2024-12-10,T-Shirt,Electronics,South,12,97.08,1164.96
ORD-0822,2024-07-10,Novel,Home,South,19,327.6,6224.4
ORD-0823,2024-07-26,Football,Books,East,9,409.94,3689.46
ORD-0824,2024-12-24,Textbook,Sports,Central,14,63.99,895.86
ORD-0825,2024-04-15,Lamp,Books,Central,17,138.61,2356.37
ORD-0826,2024-03-08,Novel,Sports,Central,13,293.48,3815.24
ORD-0827,2024-02-23,Chair,Food,North,2,346.16,692.32
ORD-0828,2024-11-22,Rice,Sports,West,15,382.84,5742.6
ORD-0829,2024-05-07,Rice,Books,South,14,197.26,2761.64
ORD-0830,2024-11-09,Shoes,Home,East,13,352.14,4577.82
ORD-0831,2024-02-06,Chair,Sports,East,4,414.06,1656.24
ORD-0832,2024-01-06,Lamp,Clothing,West,18,432.46,7784.28
ORD-0833,2024-01-18,Phone,Books,North,14,158.74,2222.36
ORD-0834,2024-08-22,Lamp,Sports,North,4,134.23,536.92
ORD-0835,2024-05-25,Lamp,Books,East,15,149.29,2239.35
ORD-0836,2024-12-27,Textbook,Books,West,4,280.48,1121.92
ORD-0837,2024-04-10,Yoga Mat,Books,East,5,141.46,707.3
ORD-0838,2024-11-28,Football,Home,Central,4,318.81,1275.24
ORD-0839,2024-04-08,Rice,Home,Central,8,356.65,2853.2
ORD-0840,2024-09-04,T-Shirt,Food,West,2,379.72,759.44
ORD-0841,2024-02-08,Phone,Books,West,10,414.95,4149.5
ORD-0842,2024-01-20,Protein Bar,Clothing,West,1,101.48,101.48
ORD-0843,2024-05-10,Lamp,Electronics,West,11,485.74,5343.14
ORD-0844,2024-07-24,Laptop,Food,Central,16,35.26,564.16
ORD-0845,2024-11-04,Laptop,Sports,North,10,495.25,4952.5
ORD-0846,2024-03-03,Laptop,Books,North,19,486.55,9244.45
ORD-0847,2024-05-26,Chair,Clothing,East,20,131.91,2638.2
ORD-0848,2024-09-22,Rice,Food,East,14,330.33,4624.62
ORD-0849,2024-11-15,Protein Bar,Sports,Central,2,223.08,446.16
ORD-0850,2024-03-26,Lamp,Electronics,Central,13,201.26,2616.38
ORD-0851,2024-04-06,Yoga Mat,Home,Central,4,457.11,1828.44
ORD-0852,2024-01-16,Textbook,Electronics,East,9,59.43,534.87
ORD-0853,2024-08-26,Textbook,Clothing,East,1,101.41,101.41
ORD-0854,2024-06-19,T-Shirt,Food,North,11,434.75,4782.25
ORD-0855,2024-04-19,Protein Bar,Books,West,9,121.22,1090.98
ORD-0856,2024-07-07,Textbook,Food,South,19,15.02,285.38
ORD-0857,2024-12-12,Textbook,Clothing,South,4,137.92,551.68
ORD-0858,2024-11-23,Yoga Mat,Books,South,9,428.48,3856.32
ORD-0859,2024-01-20,Shoes,Books,South,15,206.03,3090.45
ORD-0860,2024-07-03,Rice,Food,South,8,106.7,853.6
ORD-0861,2024-12-02,Lamp,Sports,South,16,270.18,4322.88
ORD-0862,2024-11-11,Novel,Electronics,North,13,380.28,4943.64
ORD-0863,2024-03-24,Novel,Food,North,5,78.81,394.05
ORD-0864,2024-03-20,Novel,Food,West,17,288.63,4906.71
ORD-0865,2024-11-26,Chair,Sports,Central,8,338.79,2710.32
ORD-0866,2024-02-16,Lamp,Food,West,5,303.61,1518.05
ORD-0867,2024-11-07,Chair,Electronics,North,18,462.55,8325.9
ORD-0868,2024-05-02,Novel,Books,North,7,195.13,1365.91
ORD-0869,2024-06-25,Football,Sports,West,7,48.86,342.02
ORD-0870,2024-01-04,Lamp,Sports,West,3,382.05,1146.15
ORD-0871,2024-11-17,Laptop,Books,Central,1,193.16,193.16
ORD-0872,2024-11-24,Yoga Mat,Food,South,11,74.45,818.95
ORD-0873,2024-01-13,Yoga Mat,Sports,South,17,255.96,4351.32
ORD-0874,2024-08-06,Textbook,Electronics,Central,16,437.95,7007.2
ORD-0875,2024-01-14,Phone,Books,East,20,199.14,3982.8
ORD-0876,2024-12-17,Shoes,Clothing,Central,17,395.18,6718.06
ORD-0877,2024-08-07,T-Shirt,Food,West,12,289.4,3472.8
ORD-0878,2024-02-24,T-Shirt,Sports,Central,20,116.07,2321.4
ORD-0879,2024-11-08,Chair,Books,West,2,99.5,199.0
ORD-0880,2024-01-11,Chair,Books,West,8,311.24,2489.92
ORD-0881,2024-12-17,Shoes,Books,East,6,238.25,1429.5
ORD-0882,2024-04-09,Football,Electronics,Central,15,10.38,155.7
ORD-0883,2024-12-15,Phone,Clothing,South,20,148.86,2977.2
ORD-0884,2024-05-10,Novel,Clothing,North,6,157.86,947.16
ORD-0885,2024-09-14,Textbook,Electronics,North,19,102.48,1947.12
ORD-0886,2024-08-21,Protein Bar,Home,Central,11,442.95,4872.45
ORD-0887,2024-07-26,Phone,Food,East,1,195.41,195.41
ORD-0888,2024-02-16,Shoes,Books,Central,18,156.97,2825.46
ORD-0889,2024-09-04,Football,Clothing,South,3,447.46,1342.38
ORD-0890,2024-05-22,Shoes,Sports,South,10,272.6,2726.0
ORD-0891,2024-02-01,Protein Bar,Food,East,1,241.3,241.3
ORD-0892,2024-12-04,Chair,Electronics,North,16,148.14,2370.24
ORD-0893,2024-08-01,Textbook,Home,South,20,455.98,9119.6
ORD-0894,2024-06-09,Lamp,Books,South,15,303.32,4549.8
ORD-0895,2024-08-09,Novel,Home,South,1,209.11,209.11
ORD-0896,2024-12-13,T-Shirt,Food,West,15,485.35,7280.25
ORD-0897,2024-04-18,Shoes,Home,South,1,167.77,167.77
ORD-0898,2024-03-12,Rice,Sports,Central,3,470.89,1412.67
ORD-0899,2024-02-18,Football,Home,West,8,235.33,1882.64
ORD-0900,2024-08-08,Yoga Mat,Clothing,South,10,38.69,386.9
ORD-0901,2024-07-04,Protein Bar,Sports,South,8,364.55,2916.4
ORD-0902,2024-03-26,Novel,Home,South,16,184.54,2952.64
ORD-0903,2024-06-02,Yoga Mat,Food,North,18,47.35,852.3
ORD-0904,2024-12-26,Rice,Electronics,East,20,368.78,7375.6
ORD-0905,2024-10-11,Protein Bar,Sports,North,15,300.73,4510.95
ORD-0906,2024-09-15,Yoga Mat,Clothing,West,18,228.16,4106.88
ORD-0907,2024-06-12,Novel,Clothing,West,5,437.94,2189.7
ORD-0908,2024-02-08,Yoga Mat,Home,West,18,226.22,4071.96
ORD-0909,2024-12-21,Football,Home,North,11,458.8,5046.8
ORD-0910,2024-04-09,Rice,Electronics,Central,3,435.42,1306.26
ORD-0911,2024-11-24,Shoes,Clothing,North,4,188.6,754.4
ORD-0912,2024-12-27,Football,Home,West,11,308.55,3394.05
ORD-0913,2024-09-20,Protein Bar,Sports,East,6,280.33,1681.98
ORD-0914,2024-08-06,Yoga Mat,Books,North,18,325.63,5861.34
ORD-0915,2024-05-11,Textbook,Electronics,Central,7,225.0,1575.0
ORD-0916,2024-10-12,Novel,Books,South,18,479.09,8623.62
ORD-0917,2024-02-01,Football,Sports,Central,7,233.94,1637.58
ORD-0918,2024-04-20,Yoga Mat,Home,East,13,397.84,5171.92
ORD-0919,2024-01-20,Shoes,Books,North,13,312.73,4065.49
ORD-0920,2024-03-09,Laptop,Electronics,West,10,197.66,1976.6
ORD-0921,2024-07-07,Laptop,Food,East,8,346.97,2775.76
ORD-0922,2024-04-17,Chair,Food,North,1,334.81,334.81
ORD-0923,2024-02-12,Yoga Mat,Books,West,13,275.85,3586.05
ORD-0924,2024-01-20,Protein Bar,Books,West,13,124.51,1618.63
ORD-0925,2024-11-17,Chair,Electronics,East,18,486.62,8759.16
ORD-0926,2024-12-25,T-Shirt,Clothing,West,2,159.59,319.18
ORD-0927,2024-11-11,Protein Bar,Electronics,West,18,243.41,4381.38
ORD-0928,2024-07-22,Lamp,Clothing,West,13,116.02,1508.26
ORD-0929,2024-08-02,Football,Electronics,North,3,121.58,364.74
ORD-0930,2024-08-10,Phone,Clothing,West,1,159.19,159.19
ORD-0931,2024-01-26,Shoes,Sports,East,17,136.09,2313.53
ORD-0932,2024-05-28,Novel,Clothing,South,6,404.29,2425.74
ORD-0933,2024-03-13,Shoes,Home,West,18,307.15,5528.7
ORD-0934,2024-01-15,Textbook,Sports,Central,19,188.35,3578.65
ORD-0935,2024-12-18,Protein Bar,Food,East,18,388.11,6985.98
ORD-0936,2024-01-09,Lamp,Clothing,Central,6,100.85,605.1
ORD-0937,2024-09-01,Chair,Books,Central,16,351.71,5627.36
ORD-0938,2024-03-24,Chair,Food,East,3,57.02,171.06
ORD-0939,2024-04-01,Chair,Electronics,West,5,132.87,664.35
ORD-0940,2024-10-10,Laptop,Sports,East,4,323.15,1292.6
ORD-0941,2024-01-03,Textbook,Clothing,West,14,196.67,2753.38
ORD-0942,2024-11-25,Chair,Clothing,East,18,462.06,8317.08
ORD-0943,2024-11-03,T-Shirt,Books,Central,6,488.2,2929.2
ORD-0944,2024-03-10,Shoes,Clothing,East,3,48.71,146.13
ORD-0945,2024-01-21,Laptop,Electronics,East,16,43.52,696.32
ORD-0946,2024-02-19,Yoga Mat,Food,South,17,204.6,3478.2
ORD-0947,2024-09-24,Football,Electronics,East,2,398.12,796.24
ORD-0948,2024-11-03,T-Shirt,Books,South,11,494.43,5438.73
ORD-0949,2024-05-19,Yoga Mat,Home,East,8,108.48,867.84
ORD-0950,2024-01-14,Yoga Mat,Books,North,3,373.65,1120.95
ORD-0951,2024-05-22,Protein Bar,Food,West,11,451.88,4970.68
ORD-0952,2024-10-25,Rice,Electronics,West,3,198.43,595.29
ORD-0953,2024-09-22,Protein Bar,Food,North,2,163.75,327.5
ORD-0954,2024-04-05,Lamp,Home,West,2,395.23,790.46
ORD-0955,2024-09-18,Protein Bar,Sports,South,5,206.03,1030.15
ORD-0956,2024-12-19,Laptop,Sports,South,13,323.35,4203.55
ORD-0957,2024-07-09,Textbook,Books,Central,4,76.53,306.12
ORD-0958,2024-02-20,Novel,Clothing,West,13,144.25,1875.25
ORD-0959,2024-03-19,Yoga Mat,Clothing,North,12,24.31,291.72
ORD-0960,2024-12-19,Football,Electronics,West,4,53.47,213.88
ORD-0961,2024-02-14,Lamp,Electronics,South,15,301.98,4529.7
ORD-0962,2024-10-03,Phone,Sports,Central,18,309.6,5572.8
ORD-0963,2024-02-04,Shoes,Home,South,19,317.56,6033.64
ORD-0964,2024-02-16,Football,Electronics,West,6,267.29,1603.74
ORD-0965,2024-12-02,Novel,Books,West,7,80.34,562.38
ORD-0966,2024-05-23,Phone,Food,Central,18,57.11,1027.98
ORD-0967,2024-04-19,T-Shirt,Home,South,19,107.43,2041.17
ORD-0968,2024-07-09,Yoga Mat,Sports,South,7,437.92,3065.44
ORD-0969,2024-11-08,Shoes,Clothing,South,6,417.13,2502.78
ORD-0970,2024-05-21,Phone,Sports,West,5,367.44,1837.2
ORD-0971,2024-10-11,Laptop,Books,Central,10,491.06,4910.6
ORD-0972,2024-11-19,Laptop,Home,South,8,432.77,3462.16
ORD-0973,2024-11-01,Phone,Books,West,12,326.46,3917.52
ORD-0974,2024-02-01,Laptop,Electronics,North,20,97.77,1955.4
ORD-0975,2024-04-26,Novel,Clothing,South,12,108.08,1296.96
ORD-0976,2024-09-09,T-Shirt,Books,North,11,463.79,5101.69
ORD-0977,2024-06-16,Laptop,Clothing,North,13,258.18,3356.34
ORD-0978,2024-03-06,Football,Electronics,West,3,166.52,499.56
ORD-0979,2024-10-24,Yoga Mat,Electronics,North,7,493.1,3451.7
ORD-0980,2024-02-15,Rice,Books,East,19,149.42,2838.98
ORD-0981,2024-10-09,Laptop,Books,North,15,420.89,6313.35
ORD-0982,2024-06-21,Novel,Home,South,19,439.85,8357.15
ORD-0983,2024-06-03,Rice,Books,North,18,392.95,7073.1
ORD-0984,2024-10-05,Chair,Books,West,5,231.73,1158.65
ORD-0985,2024-11-19,Football,Sports,East,19,220.71,4193.49
ORD-0986,2024-01-17,Rice,Books,West,16,228.38,3654.08
ORD-0987,2024-06-04,T-Shirt,Home,West,12,397.36,4768.32
ORD-0988,2024-08-16,Shoes,Electronics,South,7,404.98,2834.86
ORD-0989,2024-02-11,Shoes,Books,Central,16,368.78,5900.48
ORD-0990,2024-12-22,Novel,Electronics,Central,8,416.98,3335.84
ORD-0991,2024-12-10,Rice,Clothing,South,3,196.02,588.06
ORD-0992,2024-01-08,Laptop,Books,South,12,479.77,5757.24
ORD-0993,2024-11-04,Football,Home,East,3,487.55,1462.65
ORD-0994,2024-10-17,T-Shirt,Home,East,1,407.6,407.6
ORD-0995,2024-11-15,Textbook,Home,South,6,421.03,2526.18
ORD-0996,2024-08-14,Lamp,Sports,East,16,89.12,1425.92
ORD-0997,2024-07-26,Textbook,Home,South,6,155.16,930.96
ORD-0998,2024-04-03,Chair,Electronics,West,2,433.59,867.18
ORD-0999,2024-11-26,T-Shirt,Sports,South,13,318.17,4136.21
ORD-1000,2024-08-03,Protein Bar,Electronics,East,9,81.47,733.23
